id,firstname,lastname,email,email2
100,Coral,Elsinore,Coral.Elsinore@yopmail.com,Coral.Elsinore@gmail.com
101,Dacia,Waite,Dacia.Waite@yopmail.com,Dacia.Waite@gmail.com
102,Eve,Ventre,Eve.Ventre@yopmail.com,Eve.Ventre@gmail.com
103,Dorothy,Rudolph,Dorothy.Rudolph@yopmail.com,Dorothy.Rudolph@gmail.com
104,Nanete,Carlson,Nanete.Carlson@yopmail.com,Nanete.Carlson@gmail.com
